{"stats":{"minecraft:mined":{"dtbop:acacia_undergrowth_leaves":1},"minecraft:used":{"swem:swem_horse_spawn_egg":1,"bettermobs:capivara_spawn_egg":2,"moa_decor_toys:caballocastano_h":1},"minecraft:custom":{"minecraft:jump":59,"minecraft:time_since_rest":15015,"minecraft:damage_dealt":27,"minecraft:leave_game":2,"minecraft:play_time":15015,"minecraft:sprint_one_cm":6747,"minecraft:damage_taken":20,"minecraft:time_since_death":15015,"minecraft:walk_one_cm":9911,"minecraft:sneak_time":24,"minecraft:total_world_time":15015,"minecraft:fall_one_cm":2461,"minecraft:fly_one_cm":56421}},"DataVersion":3465}